热门查询,语种,中文翻译,点击次数,展示,点击率,排名,,,,,,,,,,,,,,,
gesprächsthemen,德语,聊天话题 / 交谈话题,0.00 ,26.00 ,0.00 ,73.81 ,,,,,,,,,,,,,,,
ideas para una primera cita,西班牙语,第一次约会的点子,0.00 ,8.00 ,0.00 ,65.62 ,,,,,,,,,,,,,,,
fragen beim ersten date,德语,第一次约会时的问题,0.00 ,7.00 ,0.00 ,65.86 ,,,,,,,,,,,,,,,
dating fragen,德语（夹英语词）,约会问题,0.00 ,6.00 ,0.00 ,60.17 ,,,,,,,,,,,,,,,
erstes date ideen,德语,第一次约会点子,0.00 ,5.00 ,0.00 ,90.20 ,,,,,,,,,,,,,,,
глобол,俄语（音译）,Globol（音译名称）,0.00 ,4.00 ,0.00 ,7.50 ,,,,,,,,,,,,,,,
데이트 아이디어,韩语,约会点子,0.00 ,4.00 ,0.00 ,15.50 ,,,,,,,,,,,,,,,
홈데이트,韩语（外来词）,居家约会 / 在家约会,0.00 ,3.00 ,0.00 ,8.00 ,,,,,,,,,,,,,,,
#cutedateideas,英语（话题标签）,#可爱约会点子,0.00 ,3.00 ,0.00 ,15.00 ,,,,,,,,,,,,,,,
gute gesprächsthemen,德语,好的聊天话题,0.00 ,3.00 ,0.00 ,75.00 ,,,,,,,,,,,,,,,
lustige gesprächsthemen,德语,有趣的聊天话题,0.00 ,3.00 ,0.00 ,78.67 ,,,,,,,,,,,,,,,
date night ideas at home,英语,在家约会之夜点子,0.00 ,2.00 ,0.00 ,73.50 ,,,,,,,,,,,,,,,
interessante gesprächsthemen,德语,有意思的聊天话题,0.00 ,2.00 ,0.00 ,74.00 ,,,,,,,,,,,,,,,
знакомства в тайланде,俄语,在泰国交友 / 泰国约会交友,0.00 ,2.00 ,0.00 ,75.50 ,,,,,,,,,,,,,,,
erste date ideen,德语,第一次约会点子,0.00 ,2.00 ,0.00 ,78.50 ,,,,,,,,,,,,,,,
ideen erstes date,德语,第一次约会点子,0.00 ,2.00 ,0.00 ,79.00 ,,,,,,,,,,,,,,,
ideen für das erste date,德语,第一次约会的点子,0.00 ,2.00 ,0.00 ,93.50 ,,,,,,,,,,,,,,,
ideen fürs erste date,德语,第一次约会的点子（口语缩写）,0.00 ,2.00 ,0.00 ,98.50 ,,,,,,,,,,,,,,,
no,西班牙语 / 英语（通用）,不 / 不是,0.00 ,1.00 ,0.00 ,1.00 ,,,,,,,,,,,,,,,
cute dating,英语,可爱风约会 / 甜系约会,0.00 ,1.00 ,0.00 ,18.00 ,,,,,,,,,,,,,,,
#cutedates,英语（话题标签）,#可爱约会,0.00 ,1.00 ,0.00 ,19.00 ,,,,,,,,,,,,,,,
adorable date ideas,英语,超可爱的约会点子,0.00 ,1.00 ,0.00 ,23.00 ,,,,,,,,,,,,,,,
smalltalk fragen zum kennenlernen,德语（含英语 smalltalk）,用于互相了解的寒暄问题,0.00 ,1.00 ,0.00 ,25.00 ,,,,,,,,,,,,,,,
dates fragen,德语（夹英语词）,约会问题,0.00 ,1.00 ,0.00 ,35.00 ,,,,,,,,,,,,,,,
fragen zum kennenlernen date,德语（词序略口语/混合）,约会时用于了解对方的问题,0.00 ,1.00 ,0.00 ,45.00 ,,,,,,,,,,,,,,,
fragen für date,德语（夹英语词）,约会问题 / 给约会准备的问题,0.00 ,1.00 ,0.00 ,54.00 ,,,,,,,,,,,,,,,
preguntas para la primera cita,西班牙语,第一次约会的问题,0.00 ,1.00 ,0.00 ,56.00 ,,,,,,,,,,,,,,,
gesprächsthemen für freunde,德语,朋友之间的聊天话题,0.00 ,1.00 ,0.00 ,58.00 ,,,,,,,,,,,,,,,
preguntas para primera cita,西班牙语,第一次约会的问题,0.00 ,1.00 ,0.00 ,62.00 ,,,,,,,,,,,,,,,
themen für gespräche,德语,交谈话题,0.00 ,1.00 ,0.00 ,64.00 ,,,,,,,,,,,,,,,
soirée en amoureux à la maison,法语,在家二人浪漫之夜,0.00 ,1.00 ,0.00 ,67.00 ,,,,,,,,,,,,,,,
kennenlernfragen date,德语（复合词+英语词）,约会时的了解类问题,0.00 ,1.00 ,0.00 ,68.00 ,,,,,,,,,,,,,,,
fragen für erstes date,德语,第一次约会的问题,0.00 ,1.00 ,0.00 ,75.00 ,,,,,,,,,,,,,,,
good tinder date ideas,英语,好的 Tinder 约会点子,0.00 ,1.00 ,0.00 ,75.00 ,,,,,,,,,,,,,,,
fragen für dates,德语（dates 为常用借词）,约会问题,0.00 ,1.00 ,0.00 ,78.00 ,,,,,,,,,,,,,,,
таиланд знакомства,俄语,泰国交友 / 泰国约会交友,0.00 ,1.00 ,0.00 ,79.00 ,,,,,,,,,,,,,,,
dating frankreich,德语（夹英语词）,法国约会 / 在法国约会,0.00 ,1.00 ,0.00 ,82.00 ,,,,,,,,,,,,,,,
ideias para date em casa,葡萄牙语（夹英语词 date）,在家约会点子,0.00 ,1.00 ,0.00 ,83.00 ,,,,,,,,,,,,,,,
soirée romantique maison,法语,家中浪漫之夜,0.00 ,1.00 ,0.00 ,85.00 ,,,,,,,,,,,,,,,
idee appuntamenti,意大利语,约会点子,0.00 ,1.00 ,0.00 ,86.00 ,,,,,,,,,,,,,,,
знакомства в таиланде,俄语,在泰国交友 / 泰国约会交友,0.00 ,1.00 ,0.00 ,86.00 ,,,,,,,,,,,,,,,
was wäre eine legendäre idee für ein erstes date,德语,什么会是一个传奇级的第一次约会点子？,0.00 ,1.00 ,0.00 ,87.00 ,,,,,,,,,,,,,,,
first hangout ideas,英语,第一次见面/第一次出去玩的点子,0.00 ,1.00 ,0.00 ,93.00 ,,,,,,,,,,,,,,,
тайланд знакомства,俄语,泰国交友 / 泰国约会交友,0.00 ,1.00 ,0.00 ,94.00 ,,,,,,,,,,,,,,,
themen zum reden,德语,聊天话题 / 可聊的话题,0.00 ,1.00 ,0.00 ,98.00 ,,,,,,,,,,,,,,,
знакомства тайланд,俄语,泰国交友 / 泰国约会交友,0.00 ,1.00 ,0.00 ,99.00 ,,,,,,,,,,,,,,,
romantic conversation,英语,浪漫对话 / 浪漫聊天话题,0.00 ,1.00 ,0.00 ,100.00 ,,,,,,,,,,,,,,,