网址,上次抓取日期
https://www.globol.im/zh-TW,2026-02-21
https://www.globol.im/policy/privacy.html,2026-02-19
https://globol.im/nl/international-dating/woman/brazil/,2026-02-17
https://globol.im/fr/international-dating/man/thailand/,2026-02-17
https://globol.im/vi/international-dating/woman/brazil/,2026-02-17
https://globol.im/ja/international-dating/man/france/,2026-02-17
https://globol.im/international-dating/man/nigeria/,2026-02-17
https://globol.im/es/international-dating/woman/south-korea/,2026-02-17
https://globol.im/ja/international-dating/woman/south-korea/,2026-02-16
https://globol.im/de/international-dating/woman/south-korea/,2026-02-16
https://globol.im/ja/international-dating/man/usa/,2026-02-16
https://globol.im/fr/international-dating/man/nigeria/,2026-02-16
https://globol.im/nl/international-dating/man/usa/,2026-02-16
https://globol.im/pt/international-dating/man/nigeria/,2026-02-16
https://globol.im/id/international-dating/man/france/,2026-02-16
https://globol.im/nl/international-dating/man/nigeria/,2026-02-16
https://globol.im/ja/international-dating/man/nigeria/,2026-02-16
https://globol.im/it/international-dating/woman/south-korea/,2026-02-16
https://globol.im/zh/international-dating/profile/user_0001_us_ny_emma,2026-02-15
https://globol.im/international-dating/profile/user_0007_ng_lagos_amara,2026-02-15
https://globol.im/ko/international-dating/man/usa,2026-02-15
https://globol.im/de/international-dating/man/nigeria,2026-02-14
https://globol.im/zh/international-dating/profile/user_0002_jp_tokyo_haru,2026-02-14
https://globol.im/hi/international-dating/man/nigeria,2026-02-14
https://globol.im/ru/international-dating/man/france/,2026-02-14
https://globol.im/ru/international-dating/man/thailand,2026-02-14
https://globol.im/de/international-dating/woman/brazil/,2026-02-14
https://globol.im/id/international-dating/woman/brazil/,2026-02-14
https://globol.im/ko/international-dating/man/nigeria/,2026-02-14
https://globol.im/pt/international-dating/woman/south-korea/,2026-02-14
https://globol.im/hi/international-dating/man/thailand/,2026-02-14
https://globol.im/it/international-dating/man/nigeria/,2026-02-14
https://globol.im/ko/international-dating/woman/brazil/,2026-02-14
https://globol.im/vi/international-dating/man/nigeria/,2026-02-14
https://globol.im/ko/international-dating/man/thailand/,2026-02-14
https://globol.im/hi/international-dating/man/france/,2026-02-14
https://globol.im/ru/international-dating/man/usa/,2026-02-14
https://globol.im/de/international-dating/man/thailand/,2026-02-14
https://globol.im/th/international-dating/man/usa/,2026-02-14
https://globol.im/ko/international-dating/man/france,2026-02-14
https://globol.im/ko/international-dating/man/france/,2026-02-14
https://globol.im/international-dating/profile/user_0005_de_berlin_klaus,2026-02-14
https://globol.im/nl/international-dating/woman/brazil,2026-02-14
https://globol.im/de/international-dating/man/nigeria/,2026-02-14
https://globol.im/id/international-dating/woman/south-korea/,2026-02-14
https://globol.im/ru/international-dating/man/nigeria/,2026-02-14
https://globol.im/hi/international-dating/woman/south-korea/,2026-02-14
https://globol.im/id/international-dating/man/usa/,2026-02-14
https://globol.im/hi/international-dating/woman/brazil/,2026-02-14
https://globol.im/id/international-dating/woman/brazil,2026-02-14
https://globol.im/ru/international-dating/woman/brazil/,2026-02-14
https://globol.im/fr/international-dating/woman/brazil,2026-02-14
https://globol.im/fr/international-dating/woman/brazil/,2026-02-14
https://globol.im/es/international-dating/man/france/,2026-02-14
https://globol.im/zh/international-dating/woman/brazil/,2026-02-14
https://globol.im/ja/international-dating/man/usa,2026-02-14
https://globol.im/th/international-dating/woman/brazil/,2026-02-14
https://globol.im/nl/international-dating/man/thailand/,2026-02-14
https://globol.im/pt/international-dating/man/france/,2026-02-14
https://globol.im/zh/international-dating/woman/south-korea/,2026-02-14
https://globol.im/vi/international-dating/man/france/,2026-02-14
https://globol.im/es/international-dating/man/nigeria,2026-02-14
https://globol.im/es/international-dating/man/nigeria/,2026-02-14
https://globol.im/fr/international-dating/woman/south-korea/,2026-02-14
https://globol.im/pt/international-dating/man/thailand/,2026-02-14
https://globol.im/es/international-dating/man/usa,2026-02-14
https://globol.im/es/international-dating/woman/brazil,2026-02-14
https://globol.im/es/international-dating/woman/brazil/,2026-02-14
https://globol.im/de/international-dating/woman/brazil,2026-02-14
https://globol.im/ru/international-dating/man/thailand/,2026-02-14
https://globol.im/international-dating/profile/user_0006_th_bangkok_som,2026-02-13
https://globol.im/international-dating/woman/germany,2026-02-13
https://globol.im/international-dating/profile/user_0002_jp_tokyo_haru,2026-02-13
https://globol.im/international-dating/profile/user_0008_kr_seoul_jioon,2026-02-13
https://globol.im/ja/international-dating/man/france,2026-02-12
https://globol.im/vi/international-dating/woman/brazil,2026-02-12
https://globol.im/ko/international-dating/woman/brazil,2026-02-12
https://globol.im/fr/international-dating/man/usa,2026-02-12
https://globol.im/pt/international-dating/man/usa,2026-02-12
https://globol.im/pt/international-dating/woman/brazil,2026-02-12
https://globol.im/international-dating/profile/user_0004_jp_tokyo_mina,2026-02-10
https://globol.im/international-dating/man/germany,2026-02-10
https://globol.im/international-dating/man/france,2026-02-10
https://globol.im/international-dating/man/nigeria,2026-02-10
https://globol.im/international-dating/profile/user_0009_fr_paris_elara,2026-02-10
https://globol.im/zh/international-dating/man/usa,2026-02-10
https://globol.im/zh/international-dating/profile/user_0008_kr_seoul_jioon,2026-02-10
https://globol.im/zh/international-dating/profile/user_0005_de_berlin_klaus,2026-02-10
https://globol.im/international-dating/woman/south-korea,2026-02-10
https://globol.im/international-dating/woman/brazil,2026-02-10
https://globol.im/international-dating/profile/user_0001_us_ny_emma,2026-02-10
https://globol.im/international-dating/man/usa,2026-02-10
https://globol.im/zh/international-dating/profile/user_0003_br_rio_lucas,2026-02-10
https://globol.im/zh/international-dating/profile/user_0007_ng_lagos_amara,2026-02-10
https://globol.im/zh/international-dating/man/france,2026-02-10
https://globol.im/zh/international-dating/profile/user_0009_fr_paris_elara,2026-02-10
https://globol.im/zh/international-dating/man/germany,2026-02-10
https://globol.im/zh/international-dating/woman/germany,2026-02-10
https://globol.im/zh/international-dating/man/nigeria,2026-02-10
https://globol.im/zh/international-dating/profile/user_0006_th_bangkok_som,2026-02-10
https://globol.im/zh/international-dating/woman/brazil,2026-02-10
https://globol.im/zh/international-dating/woman/south-korea,2026-02-10
https://globol.im/zh/international-dating/profile/user_0004_jp_tokyo_mina,2026-02-10